name,price
„Äê2 years local warranty„ÄëASUS factory new 2022 Brand New Laptops 15.6 Inch Intel J4125 Laptop 12GB RAM 512GB SSD Slim Business Notebook Computer Backlit Key Netbook Fingerprint Ultrabook PC Windows10/11 With Fingerprint Backlit BT4.0 5G-WiFi,"‚Ç±24,999.00"
HP 682 INK Cartridge (Tri-color/Black),‚Ç±500.00
"[Sale Limited] Dell 13.3"" 2-in-1 FHD Touchscreen Intel Core i7 256GB NVME SSD 8GB RAM Licensed Windows 11 PRO OS and  MS OFFICE Pro Plus, Photo Editor, Etc read details (100% Customer's Feedback) LIMITED ITEM READ Description pls","‚Ç±25,899.00"
"„ÄêLOWEST PRICE LAPTOP SALE„ÄëHP ELITEBOOK 840 G5 NOTEBOOK LAPTOP | Intel Core i5-8350u 1.70Ghz, 16GB DDR4, 256GB SSD, Intel UHD Graphics 620, 14"" Inch FHD IPS LED Display | We also have Desktop, pc set, computer set, cheapest laptop, CPU | TTREND WAREHOUSE","‚Ç±24,939.00"
KUU Notebook 14.1 FHD Screen Intel Celeron J4105 8GB RAM 256GB SSD Ultra HD Graphics 600 Windows 11 Student Laptops with WiFi Bluetooth,"‚Ç±14,999.00"
„ÄêPhilippine local delivery„ÄëLenovo Factory store 2022 new 11th gen CPU intel J4125 RAM 8GB/12GB 128GB/256GB/512GB SSD loptop sale lowest price for student original brand new Preinstalled with Windows 10 and MS Office,"‚Ç±14,999.00"
STAAD Pro CONNECT (DVD PC Installer),‚Ç±399.00
Apple MacBook Air M2 Chip 8-Core CPU 8-Core GPU 8GB 256GB,"‚Ç±69,990.00"
"„ÄêLAPTOP Sale„ÄëHP ELITEBOOK 830 G5 NOTEBOOK LAPTOP | Intel Core i5-8350u 1.70Ghz, 16GB DDR4, 256GB SSD, Intel UHD Graphics 620 On Board, 13.3"" Inch IPS LED Display | We also have Desktop, pc set, computer set, cheapest laptop, CPU | TTREND","‚Ç±21,999.00"
"„ÄêSALE LAPTOP„ÄëHP ELITEBOOK 840 G5 NOTEBOOK LAPTOP | Intel Core i5-8350u 1.70Ghz, 16GB DDR4, 256GB SSD, Intel UHD Graphics 620 On Board, 14"" Inch FHD IPS LED Display | We also have Desktop, pc set, computer set, cheapest laptop, CPU | PC SOURCE","‚Ç±24,949.00"
CorelDraw Graphic Suite X7 ( Win64bit PC Installer),‚Ç±399.00
üíª Laptop Lenovo T450 I5 5th Gen 5300U 2.3ghz 4gb 500gb (5th Generation),"‚Ç±11,299.00"
Lenovo laptop [1 Year Warranty][Brand New]ThinkPad X240 Intel Quad/Dual-Core i7/i5-4600u/4200u 8GB RAM 128G  SSD+1T/500GB HDD ROM Built-in HD WEBCAM/Camera Windows 10 Pro OS Microsoft office WiFi Bluetooth Online learning Portable business notebook,"‚Ç±18,880.00"
"LAPTOP / FUJITSU / INTEL CORE i5 / 3RD GEN / 4GB OR 8GB RAM OPTIONS / STORAGE OPTIONS / FREE BAG/POUCH, WEBCAM, MOUSE, EXTENDED MOUSEPAD / WIFI READY / CHARGER INCLUDED / USED","‚Ç±7,350.00"
Lenovo Thinkpad Laptop X260 I5 6200U Quad-core built in Inel HD520 Graphics with 4G 8g 16g DDR3 RAM and 120G 240G 480G ssd For Online Game and Bussiness work Study,"‚Ç±17,699.00"
[Philippines stock] New original for laptop office use Intel Laptop 15.6 inch N5095 16GB RAM 512GB SSD Business Netbook Windows 10/11 Pro Gaming Notebook Gamer PC Fingerprint Unlock Free Legion 5 computer bag,"‚Ç±22,769.01"
DELL Laptop E5470 Intel Quad-core i5 6200U With 4G/8G/16G DDR4 MEMORY Built-in Intel HD Graphics 520 Hard disk 60G 120G 240G 480G 512G SSD fast for Office Gaming Study,"‚Ç±17,099.00"
"Dell Inspiron 3511 15.6"" i7-1165G7 8GB 512GB SSD MX350 2GB Win10 Laptop (Silver)","‚Ç±58,895.00"
„Äê2 Year Warranty„Äë„ÄêFree Gifts„ÄëLennovo factory LEGION Student Online Class Laptop 15.6 Inch FHD IPS Screen 11th gen CPU Intel Celeron J4125/Core i5 8G RAM 128G SSD ROM  Full-size Keyboard Windows 10 Ultra-thin Portable Computer,"‚Ç±18,809.01"
"Dell E6420 Laptop Intel i5 2nd Gen processor 4GB/8GB/16GB RAM  120GB/240GB/480GB SSD Storage 14.1"" Display Good for Home Office Business w/Free gifts","‚Ç±15,599.00"
CorelDRAW Graphics Suite X3 [PC DVD Installer],‚Ç±399.00
"„ÄêLAPTOP Lowest Price„ÄëHP ELITEBOOK 840 G5 NOTEBOOK LAPTOP | Intel Core i5-8350u 1.70Ghz, 16GB DDR4, 256GB SSD, Intel UHD Graphics 620 On Board, 14"" Inch FHD IPS LED Display | We also have Desktop, pc set, computer set, cheapest laptop, CPU | GILMORE MALL","‚Ç±24,942.00"
[ASUS Factory]2022 new Monsprin Intel 11th Gen Slim Laptop 15.6 inch Screen Intel Celeron J4125/Core i7 8GB/12GB RAM 128GB/256GB/512GB SSD Business Netbook Windows 10 Gaming Notebook Computer Office / Design / Gaming-Run Smoothly,"‚Ç±29,699.01"
Asus Vivobook 17‚Äù Laptop - Intel Core 10th Gen i5 4-Core 12GB RAM + 1TB HDD Silver Win 11 [X712J],"‚Ç±36,995.00"
HUAWEI MateBook D 15 2021 Laptop | Intel¬Æ Core‚Ñ¢i5-1135G7 | 8GB +256GB / 8GB+512GB / 16GB+512GB | Eye Comfort HUAWEI FullView Display | Super Device | Fingerprint Power Button,"‚Ç±42,999.00"
"„ÄêSALE LAPTOP„ÄëHP ELITEBOOK 840 G5 NOTEBOOK LAPTOP | Intel Core i5-8350u 1.70Ghz, 16GB DDR4, 256GB SSD, Intel UHD Graphics 620 On Board, 14"" Inch FHD IPS LED Display | We also have Desktop, pc set, computer set, cheapest laptop, CPU | TGEARS","‚Ç±24,945.00"
ASUS Factory Product Brand New ROG Laptop 11th gen CPU intel J4125 ram 8GB 256GB SSD Factory direct supply 15.6-inch quad-core office student computer fingerprint unlock thin and light game book Genuine Windows 10 and MS Office Local Warranty Guarantee,"‚Ç±17,819.01"
Lenovo ThinkPad Laptop T420 T430 L430 i5 2520m/3210M dual-core 4G 8G 16G DDR3 1600MHZ Memory 120g 240g 480g SSD for Online learning Office Work  Popular Games REFURBISHED,"‚Ç±13,609.00"
Dell Laptop PC E7470 Brand New Laptop Original Intel core i3/i5/i7 6th Gen 32G 512G SSD 14.1 inch HD screen lightweight High End Laptop Portable Laptop Sale Brand New Original Authentic Online Learning gaming Windows 10 Ultra-thin Portable Computer PC,"‚Ç±17,800.00"
"LAPTOP / NEC INTEL CORE i5 - 4TH GEN / 4GB OR 8GB RAM OPTION / STORAGE OPTIONS (HDD OR SSD) / FREE BAG/POUCH, WEBCAM , MOUSE , EXTENDED MOUSEPAD / WIFI READY / CHARGER INCLUDED / USED","‚Ç±7,440.00"
Brand New Original Cheap Oem i7/11th gen cpu intel J4125 laptop 15.6 Inch RAM 8GB/12GB SSD 128GB/256GB/512GB Laptops Win10 Netbook Computer Free gift ASUS ROG Mouse and office[1 Year Warranty] suitable for students murah,"‚Ç±19,799.01"
"Acer Aspire 3 A315-58-55A6 15.6"" FHD, Core i5-1135G7, 8GB, 512GB SSD, Win11, FREE MS OFFICE LIFETIME (PC CENTRAL)","‚Ç±38,609.00"
HP Elitebook 820 G1 [Brand New] legit Laptop Intel Quad/Dual-Core i7/i5 8G/12G/16G RAM 128G SSD+500G/1T HDD 12.5 Inches Screen Built In Camera/Webcam Business Work at home Windows11 Pro Ms office 365 Online Class Learning Computer WiFi/Bluetooth/Notebook,"‚Ç±19,880.00"
CPU SET / READY TO USE / INTEL CORE i3 2ND/3RD GEN / 4GB RAM / 250GB HDD / INTEL HD GRAPICS / WIFI AND WINDOWS READY/ GOOD FOR ONLINE AND WORK,"‚Ç±3,499.00"
Laptop pouch black w/zipper /14.6 InchLaptop Pouch 14/15.6 inch Zipper Soft Sleeve bag,‚Ç±95.00
"Laptop  Lowest Price Sale CLASS B ( Toshiba R632H Intel Core i5 3rd gen 4gb Ram, 120gb Ssd ) Intel Hd Graphics Good for Online Class and Good For Work From Home Charger Included(ISSUe:  white spot and faded color","‚Ç±9,000.00"
"[Sale] Dell Ultrabook Intel Core i7 Vpro 8GB/16GB RAM (14 inch, 12.5 inch~256G/512GB SSD), Windows 10/11 OS, MS Office Pro + , Photo Shop, ETC Limited  Stock read details...","‚Ç±27,199.00"
[1 Year Warranty][Brand New]Lenovo ThinkPad T450s Laptop Intel Dual/Quad-Core i5/i7 8G/12G RAM 128G SSD+500GB/1T HDD ROM 14-inch Screen Built-in WEBCAM/Camera Ms office Windows 10 Pro Operating system WiFi Bluetooth Portable business notebook,"‚Ç±21,880.00"
[Philippines stock] Free Asus Gaming Mouse New original for laptop office use 15.6-inch 11th gen CPU intel N5095/Core i7 16GB RAM 512GB SSD ROM with full-size keyboard 1920*1080 screen laptop window 10 suitable for students murah,"‚Ç±26,729.01"
Apple MacBook Air 13-inch M1 Chip  with 8‚ÄëCore CPU and 7‚ÄëCore GPU 256 GB Storage,"‚Ç±57,890.00"
"2022 brand new cheap laptop 15.6Inch FHD IPS 11th gen CPU intel J4125/i7-4500U 8GB/12GB RAM 1T/512/256/128GB SSD Windows10/11 Gaming Laptop With Fingerprint Backlit BT4.0 Dual WiFi Free ASUS Mouse with Order One-year local warranty, same-day delivery","‚Ç±23,759.01"
[Brand New] HP Elite X2 1012 G1 laptop 2-in-1 Tablet computer Intel Core M M5/M7 6Y54/6y75 4G/8G RAM 256G/512G/1T SSD FHD UWVA eDP IPS 1920√ó1080 12.3' touch screen 1080P Built-in camera Windows11 Pro Ms office 365 surface Online Class Business,"‚Ç±30,880.00"
HUAWEI MateBook D 15 Laptop | Intel¬Æ Core‚Ñ¢ i3-10110U processor | 8GB+256GB | 15.6-inch IPS anti-glare screen | HUAWEI Share,"‚Ç±24,998.00"
"HP Laptop [Brand New] Elitebook 840 G1 [1 year Warranty] Intel Dual/Quad-Core i5/i7 8G/12G/16G RAM 128G SSD+500GB/1T HDD 14"" Inches Screen Built In Camera/Webcam Business Work Windows10 Pro Ms office Online Learning Computer WiFi/Bluetooth/Notebook","‚Ç±19,880.00"
Official ViviBook Laptop 15.6 inch IPS Screen 11th gen CPU 8GB RAM 128GB EMMC Windows 10 Intel J4125/Core i7 38000mWh Laptop For Sale Brand New Original Authentic Online Learning Computer PC Thin business computer1 year warranty,"‚Ç±16,829.01"
"Laptop Panasonic CF-SX2 Intel Core i5- 3rd Gen. 4gb ddr3 120gb hdd Intel hd Graphics 12.1""screen display built in camera wifi ready with Prepaid Globe at Home Modem Laptop Bag","‚Ç±5,998.00"
Dell Inspiron 15 3511 15.6 FHD i5-1035G1 8GB RAM 256GB SSD Win11 Home Carbon Black 884116406617,"‚Ç±31,995.00"
Brand New  ThinkPad X260 laptop Intel Quad/Dual-Core i7/i5-6600u/6300u 8G/16G DDR4 RAM 256G/512G/1T SSD ROM Built In Camera/WEBCAM Ms office windows 11 PRO Ultra-thin 12.5 inch Screen Online class/learning WIFI Bluetooth Business notebook computer,"‚Ç±21,480.00"
Dell E6430 / E6530/ E6420  intel core i3/ i5 / i7 480G SSD 14.1/15.6 inch hd lightweight portable students office business gaming  laptop,"‚Ç±19,700.00"
"„ÄêClearance saleÔºåGood Quanlity„ÄëIntel i7 8th Gen I5 8th Gen Processor 99% New Used laptop Gaming laptop  15.6""/14"" Screen Display with 2G independent graphics card 4G 8GB RAM 120GB/240GB SSD 1TB HDD Storage Authentic Laptop Asus Laptop ACER Laptop","‚Ç±18,899.00"
15.6 inch HD Screen latest laptop 2022 intel core i5-5200U laptop ram 8GB+256GB SSD Brand New Original high-end laptop portable business student gaming computer MS Office Preinstalled and Windows 10 Pro Free Asus Computer Backpack,"‚Ç±23,759.01"
"LAPTOP LOWEST PRICE SALE  (ASSORTED TOSHIBA i5 4TH GEN 4GB RAM, 320/500GB/128GB SSD ) with free WEBCAM GOOD FOR ONLINE CLASS and GOOD FOR WORK FROM HOME","‚Ç±8,200.00"
"Laptop HP Probook 450 Brand / Intel Core i5 4th 4200M GEN/  2.50GHZ / 8GB Ram DDR3 / 500GB HDD / Intel HD Graphics / Wifi and Windows Ready / Good for Basic Games , Work, Office Use and Online Class","‚Ç±11,500.00"
"Computer Lowest Price Sale Hp Elite 8300 Intel Core i3 3rd gen 4gb ram 120GD SSD  20/17 Inches Monitor, Mouse/Keybaord, Mousepad, Wifi Dongle, Good for Work from Home and Online Class","‚Ç±6,990.00"
"Brandnew Dhp laptop Intel Core i7 4600U 2.1Ghz Basic Frequency 15.6 inch Ultra-light-weight,Ultrathin With Numeric Keypad 4G 8G 16G DDR3 Memory 120G 240G 480G SSD for Gaming PUBG LOL CF  Office Study Home Entertainment","‚Ç±15,934.00"
COD!!! Lenovo N21 Chromebook Laptop Refurbished,"‚Ç±6,499.00"
"HP 15S-EQ3045AU (Natural Silver) Laptop - 15.6"" FHD | AMD Ryzen 5 5625U 6 Cores | 8GB or 16GB RAM | 512GB SSD | AMD Vega Graphics | Windows 11 | MS Office Home and Student","‚Ç±35,495.00"
[Brand New]ThinkPad Yoga 260 2-in-1 laptop Tablet computer Intel Quad/Dual-Core i7/i5 DDR4 8G/16G RAM 256G/512G/1T SSD brilliant 12.5'' touch screen Windows11 Pro Ms office Online Class Learning Computer WiFi/Bluetooth/Notebook/Business,"‚Ç±25,500.00"
HP Laptop Brand New Original Elitebook 820 G1 Intel Quad/Dual-Core i7/i5 8/12/16GB RAM 128G SSD+500G/1T HDD 12.5 Inches Screen Built In Camera/Webcam Business Work Windows11 Pro Ms office Online Learning Computer WiFi/Bluetooth/Notebook computer,"‚Ç±22,880.00"
HP 15S-FQ5082TU (Natural Silver) Laptop - 15.6-in FHD | Intel i5-1235U 10 Cores i5 12th Gen / 8GB or 16GB RAM | 512GB SSD| Intel Iris Xe Graphics | Window 11 / MS Office Lifetime,"‚Ç±43,995.00"
HUAWEI MateBook D 15 2021 Laptop | Intel¬Æ Core‚Ñ¢ i3-1115G4 | 8GB+256GB | Eye Comfort HUAWEI FullView Display | Super Device | Fingerprint Power Button,"‚Ç±31,999.00"
KUU Brand New Original Laptop XBOOK 2 14.1 FHD Screen Intel Celeron J4105 8GB RAM 128GB/256GB SSD Ultra HD Graphics 600 Windows 11 Student Laptops with WiFi Bluetooth,"‚Ç±10,475.00"
"CHUWI Official GemiBook 13inches Ultra Thin and Light Laptop 2K IPS Screen 8G RAM 256GB SSDIntel Celeron J4125 Quad Core 2.8Ghz Full Metal Home and Business PC Backlit Keyboard, PD Fast-Charging online learning","‚Ç±15,569.09"
NEW 2022 Teclast 15.6 inch F15 Plus Intel Celeron Laptop Notebook  Notebook DDR4 8GB SSD 256GB ROM Windows 10 OS With Silent Cooling Mini-HDMI slot Dual-band Wi-Fi Bluetooth Fan1 year warranty,"‚Ç±15,990.00"
"Huawei MateBook D16 2022 i7-12700H Xe Graphics 16"" IPS 1920x1200 60Hz 16GB LPDDR4x 512GB SSD","‚Ç±59,850.00"
laptop(Students Learn Computer Online)Quad-Core Intel N3350(2.3GHZ) ÔºàTo upgrade the configuration 2022Ôºâwindows10 3GB+32GB SSD Netbook 10.1 Inch Mini netbook laptop(5-7 Hours Battery Life),"‚Ç±7,699.00"
HP ProBook 450 G1[Brand New] legit Original laptop Intel Quad/Dual-Core i7/i5/i3 8G/12G/16G RAM 256G/512G/1T SSD 15.6-inch Large screen Built-in camera/Optical Disk Drive Business notebook computer online class study/Learning Ms office 365 Windows 11 Pro,"‚Ç±23,880.00"
HP 6570b/ 450G1 Laptop Brand New Original Intel Core I3/I5/I7 SSD 480/240/120G Ultra-thin and Portable Computer 15.6 Inch HD Screen for Business Office Online Class Game PC,"‚Ç±14,699.00"
Apple MacBook Pro 13-inch M2 Chip 8‚Äëcore CPU 10‚Äëcore GPU - 8GB,"‚Ç±86,990.00"
DELL Laptop Brand New Laptop Original 14.1/15.6 inch HD Screen Intel Core i3/i5/i7 16G RAM 480G SSD High End Laptop Portable Laptop Sale Brand New Original Authentic Legit Online Learning gaming Windows 10 Ultra-thin Portable Computer PC 1 Year Warranty,"‚Ç±21,500.00"
"LAPTOP / TOSHIBA / INTEL 925 / 4GB RAM / STORAGE OPTIONS / FREE BAG/POUCH, WEBCAM, MOUSE, EXTENDED MOUSEPAD / READY TO USE / WIFI READY / CHARGER INCLUDED / USED","‚Ç±5,380.00"
"„ÄêSALE CHEAPEST LAPTOP„ÄëHP ELITEBOOK 840 G5 NOTEBOOK LAPTOP | Intel Core i5-8350u 1.70Ghz, 16GB DDR4, 256GB SSD, Intel UHD Graphics 620 On Board, 14"" Inch FHD IPS LED Display | We also have Desktop, pc set, computer set, cheapest laptop, CPU | LAPTOP PH","‚Ç±24,943.00"
[Brand New]ThinkPad X260 laptop Intel Quad/Dual-Core i7/i5-6600u/6300u 8G/16G DDR4 RAM 256G/512G/1T SSD ROM Built In Camera/WEBCAM Ms office 365 windows 11 PRO  Ultra-thin 12.5 inch Screen Online class/learning WIFI Bluetooth Business notebook computer,"‚Ç±19,380.00"
"„ÄêNew Arrival 2022„ÄëDERE VBook V10 Laptop 360¬∞Flip-and-fold Touch Screen 11.6 inch Screen laptop cheap price laptop brand new original loptop sale lowest price for student Windows 11 (8+256|12+512,Silver)","‚Ç±13,999.00"
cod„ÄêFREE GIFTS+one year warranty„Äëintel corei5/15.6in/laptop for sale brand new/Fourth generation core i5 processor /Built in numeric keyboard,"‚Ç±20,540.00"
[Brand New]ThinkPad X240 Laptop Intel Quad/Dual-Core i7/i5 8GB RAM 128G SSD+500GB/1T HDD ROM Built-in WEBCAM/Camera Online class/learning Wifi Bluetooth Ms office 365 Windows11 Pro Portable Business Notebook Computer Ultra-thin 12.5 inch Screen,"‚Ç±18,000.00"
Brand New ThinkPad T440s Laptop Intel Dual/Quad-Core i5/i7 8G/12G RAM 128G SSD+500GB/1T HDD ROM 14-inch Screen Built-in WEBCAM/Camera Ms office Windows 11 Pro Operating system WiFi Bluetooth Portable business notebook computer,"‚Ç±26,080.00"
[REFURBISHED]DELL Laptop E6540 i3 I5 I7  4th E6520 I3 I5 I7 2 th Gen 4G 8G 16G DDR3 1600MHZ Memory 120g 240g 480g SSD for Online learning Office Work Popular Games,"‚Ç±14,959.00"
[Brand New]Lenovo ThinkPad X260 laptop Intel Quad/Dual-Core i7/i5-6600u/6300u 8G/16G DDR4 RAM 256G/512G SSD ROM Built In Camera/WEBCAM Ms office windows 10 PRO Ultra-thin 12.5 inch Screen Online class/learning WIFI Bluetooth Business notebook computer,"‚Ç±18,880.00"
„Äê LENNOVO Factory notebook„Äë2022 new High-performance thin and light notebook RAM DDR4 6GB 14'' Laptop 11th intel Celeron J4105 SSD 256GB Ultrabook Metal Computer with 2.4G/5.0G Bluetooth windows 10 Pro gaming laptop Provide bulacan local warranty,"‚Ç±14,849.01"
REFURBISHED COD!!! HP Chromebook 11 G3 and HP Chromebook 11 G5 EE,"‚Ç±5,998.00"
CorelDRAW GraphicsSuite 2021 [ DVD PC Installer ],‚Ç±99.00
Dell Laptop PC E6430 / E6530/ E6420 intel core i3/ i5 / i7 480G SSD 14.1/15.6 inch hd lightweight portable students office business gaming notebook laptop,"‚Ç±23,600.00"
"HP Laptop [Brand New] Elitebook 840 G1 [1 year Warranty] Intel Dual/Quad-Core i5/i7 8G/12G/16G RAM 128G SSD+500GB/1T HDD 14"" Inches Screen Built In Camera/Webcam Business Work Windows11 Pro Ms office 365 Online Learning Computer WiFi/Bluetooth/Notebook","‚Ç±23,880.00"
HUAWEI MateBook 14 Laptop | AMD Ryzen‚Ñ¢ 5 4600H | 8GB+512GB / 16GB+512GB | 2K FullView Display,"‚Ç±48,999.00"
„Äêlaptop for sale brand new„Äë original Laptop 8G RAM 512GB 256GB 128GB SSD ROM notebook laptop mini new 2021computer loptop sale lowest price for student,"‚Ç±13,299.00"
COD!!! Dell Chromebook 11 3120 P22T Refurbished,"‚Ç±5,999.00"
[Brand New]ThinkPad Yoga 260 2-in-1 laptop Tablet computer Intel Quad/Dual-Core i7/i5 DDR4 8G/16G RAM 256G/512G/1T SSD IPS brilliant 12.5'' touch screen Windows11 Pro Ms office 365 Online Class Learning Computer WiFi/Bluetooth/Notebook/Business,"‚Ç±20,388.00"
"Original Fujitsu Intel Core i3 -3120M Laptop , 4GB Ram 250 HDD , Windows 10 Installed , HD Graphics 4000 , HDMI , VGA , SD Card , Headset , Speaker , DVD Rom , Lan port , USB 4 ports , USB Wifi Receiver  , Complete application installed , Ready to use","‚Ç±9,199.00"
[Brand New]ThinkPad Yoga 370 2-in-1 laptop Tablet computer Intel Quad/Dual-Core i7/i5 DDR4 8G/16G RAM 256G/512G/1T SSD IPS 1920√ó1080 brilliant 13.3'' touch screen Windows11 Pro Ms office 365 Online Class Learning Computer WiFi/Bluetooth/Notebook/Business,"‚Ç±33,880.00"
HUAWEI MateBook D 14 Laptop | Intel¬Æ Core‚Ñ¢ processor | i5 | 8GB+512GB / 16GB+512GB | FullView display,"‚Ç±42,999.00"
HP Stream 11 Pro | for Online Class | Work from Home | Used | 11.6 inch | 2GB | 160GB HDD,"‚Ç±4,999.00"
DELL Laptop E6420 Office Thinkpad Games i5 i7 2nd Gen i3 I5 I7 3rd Gen 4th Gen dual-core 4G 8G 16G DDR3 1600MHZ Memory 120g 240g 480g SSD refurbished,"‚Ç±15,299.00"
"DESKTOP SUMMER PROMO  intel core 2 duo 2gb ram 160 GB HDD | 17"" square monitor| FREEBIES: GAMING KEYBOARD, MOUSE VGA CABLE POWERCORD | ams trading","‚Ç±2,999.00"
"[DELIVER IN 3 DAYS] DERE Official R9 Pro Laptop 15.6'' FHD Screen 11th Gen Intel N5095 CPU Windows 10 Number Keyboard Easy Typing Office Budget Laptop For Sale Brand New Original Lowest Price For Student Netbook (8+128/12+256/512, Red/Silver/Black)","‚Ç±20,819.00"
12 giveaways/Brand new laptop for sale/Intel I5 + I7 core / 16GB / 8GB RAM FHD camera + WiFi + Bluetooth/built-in numeric keypad/suitable for online education + work + games,"‚Ç±25,865.00"
"„ÄåDELIVER IN 3 DAYS„ÄçDERE MBook M11/M12 Laptop Brand New Original 15.6 inch 2.5K IPS Screen Intel Celeron N5095 CPU Windows 11 Fingerprint Unlock Backlit Keyboard 2.4G+5G WiFi+RJ45 Computer (12+256/512,Red/Silver)","‚Ç±18,999.00"
[cod] 16 free gifts / new laptop for sale / fifth generation processor / core i5 + i7 / 16GB / 8GB memory / 256g + 512g SSD / FHD camera + WiFi + Bluetooth / built-in digital keyboard / suitable for online education + work + game + AutoCAD,"‚Ç±19,718.00"
HP Laptop Brand New Laptop Original 15.6 inch HD Screen Intel Core i3/i5/i7 16G RAM 480G SSD High End Laptop Portable Laptop Sale Brand New Original Authentic Legit Online Learning gaming Windows 10 Ultra-thin Portable Computer PC 1 Year Warranty,"‚Ç±20,300.00"
Low budget Laptop for Online Class | Intel Core 2,"‚Ç±4,000.00"
[Brand New]ThinkPad Yoga 370 2-in-1 laptop Tablet computer Intel Quad/Dual-Core i7/i5 DDR4 8G/16G RAM 256G/512G/1T SSD IPS 1920√ó1080 brilliant 13.3'' touch screen Windows11 Pro Ms office  Online Class Learning Computer WiFi/Bluetooth/Notebook/Business,"‚Ç±29,000.00"
„Äê3 year Warranty&COD„ÄëDell Laptop Sale Brand Original Used Laptop Price Cheap Dell Chromebook 3180 Chrome OSÔΩú4GB RAMÔΩú32GB SSDÔΩú11.6-InchÔΩúBuilt-In CameraÔΩúWifi ÔΩúMicrosoft Office Work/Game/Online Learning Computer Mini Laptop Netbook,"‚Ç±6,099.00"
NEW ASUS Factory Laptop 15.6 inch J4125 gaming laptop computer game notebookgaming 8+256GB 1920*1080p warranty 1year,"‚Ç±17,999.00"
"Lenovo Legion 5i 15ITH6H 82JH00JTPH Gaming Laptop | Intel Core i7-11800H | NVIDIA RTX 3060 | 15.6"" FHD 165Hz, | 16GB 3200mhz RAM | 512GB SSD | WIN 11 (PC CENTRAL)","‚Ç±87,998.00"
Laptop set / R734 / Intel i5 4300 / 4gb Ram / 120gb SSD / Intel HD Graphics / Wifi ready / 1 Year service store warranty / Windows Ready / Microsoft office installed / GOOD FOR ONLINE SCHOOLING,"‚Ç±9,450.00"
Laptop Netbook Panasonic cf sx2 i5 3rd gen 4gb ddr3 250gb hdd intel hd graphics built in cam with laptop bag charger(we also have all in one Computer set pisonet package jeffdata pc),"‚Ç±6,998.00"
HP 6570B Laptop PC 15.6 inch HD Screen Intel Core i3/i5/i7 480G SSD high-end laptop portable business student gaming computer,"‚Ç±15,400.00"
Dell E6430 Laptop Intel Core i5 Processor 15 inches LED Screen Display with 8GB RAM 128GB/240GB/480GB SSD Storage Authentic Laptop,"‚Ç±14,439.00"
Free gift Fedemer 14-inch ultra-thin laptop brand new Intel Celeron N3350/J3355 6G RAM+64G/128G/500G ROM Windows10 narrow bezel ultrabook [1 year warranty] Built-in camera wifi suitable for online office/online courses,"‚Ç±9,999.00"
pink notebook [Core i7+ Fingerprint Backlight] LENNOVO Brand new laptop intel CPU performance upgrade ram 16GB 512GB SSD cheap notebook 2022 student game this girl design ultra-thin laptop for business office Install windows 10/11 Warranty provided,"‚Ç±17,819.01"
laptop gaming laptop 15.6 inch Ryzen R7 2700U Vega 10 20G RAM 1024G SSD Win10 Backlight Laptop ultra Thin Game Computer,‚Ç±699.00
„ÄêAssorted Low Budget Laptop„ÄëACER Factory 2022 brand New Products 15.6'' Laptop 11th intel J4125/Core i7 RAM 8GB DDR4 128GB SSD Ultrabook Gaming Notebook Windows 10 Play Games/ Design/ Picture Rendering/ Efficient Office Local 2 Year Warranty Invoicable,"‚Ç±17,999.00"
„Äê3 Year Warranty&COD„ÄëDell Laptop Cheap Used Laptap Brand Original Affordable Dell Chromebook 3180 Chrome OSÔΩú4GB RAMÔΩú32GB SSDÔΩú11.6-InchÔΩúBuilt-In HD CameraÔΩúWiFi ÔΩúHDMIÔΩúMicrosoft Office For Work/Game/Online Learning Mini Netbook Laptop,"‚Ç±6,099.00"
[Brand New]Lenovo ThinkPad X1 Carbon laptop Intel Dual-Core i5 8GB RAM 256G/512GB SSD ROM 14-inch Full HD Screen Ultra-Thin Built In Camera/WEBCAM Window 10 OS Authentic Microsoft office Work/Game/Online learning Portable business notebook,"‚Ç±23,880.00"
Acer Aspire 7 (A715-42G-R5C5) R5C5 | AMD Ryzen 5 5500U (6 cores) | NVIDIA RTX 3050 | 512gb SSD (PC Central),"‚Ç±42,998.00"
"Infinix INbook X1, Core i3-1005G1 - 14.0"" - 8GB + 256GB SSD - Intel HD Graphics - Win 10","‚Ç±19,999.00"
"Original Japan Quality Laptop Dell Latitude E6200 Windows 10 Pro Intel Core i5 2nd Generation, 4gb Ram, 320GB HDD, 12.6inches, USB Ports, HDMI, SATA Port, Airplane Mode, Bluetooth, Lan Port, Built In Speaker, Built In Wifi, Good Battery, Good Condition","‚Ç±9,299.00"
MSI Modern 15 A11M 11th Gen Core i7 16GB RAM 512GB SSD Carbon Gray 824142226292 with Free Mouse,"‚Ç±48,995.00"
Laptop 4  Core Processor ARM CPU ÔºàA64ÔºâAndroid 10 2GB RAM  16GB SSD   Students Learn Computer Computer(10.1-Inch) 4 Colors,"‚Ç±4,999.00"
„ÄêSpecial / original„ÄëLenovo ThinkPad X260 Laptop 12.5 lED High Resolution Screen/Built-in Bluetooth/Built in Camera /Core i5 6th Dual-Core CPU /2.3-2.8GHz/16GB RAM /480GB SSD/Online courses Office gaming Laptop complete full Free gift bag,"‚Ç±22,899.00"
10.1inch Portable Netbook ACTIONS S500 1.5GHz ARM Cortex-A9/Android 5.1/1G+8G/1024*600 Pink EU Plug,"‚Ç±6,182.00"
HSK Vocabulary Workbook 2500 Words Chinese Proficiency Test Level 5 Vocabulary Learn Chinese Book,‚Ç±866.00
„Äêspot goods„Äë laptop(Students Learn Computer )Quad Intel N3350(2.3GHZ) ÔºàTo upgrade the configuration 2022Ôºâwindows10 3 32 SSD Netbook 10.1 Inch Mini netbook laptop(57 Hours Battery Life),"‚Ç±17,060.00"
Logitech M221 Silent Wireless Mouse with Nano Receiver [Off-White],‚Ç±595.00
[One Year Warranty] Intel 4 Core CPU 12.5 Inch Laptop/office Computer/student Online Learning/4GB Memory 64GB SSD Hard Drive WIFI Bluetooth Camera Cost-effective Laptop 3 Colors To Choose From,"‚Ç±10,999.00"
2Pcs DC Charging Port Socket Connector For IdeaPad 310-15ISK 310-15IKB 310-15IAP,‚Ç±188.00
PS5 Marvel's Spider-Man Miles Morales Ultimate Ed (R3),"‚Ç±3,499.00"
SteelSeries Arctis Nova 3 Wired Gaming Headset - Black,"‚Ç±6,325.00"
‚óò‚ôß‚ùÄ Slider 5 3 (100pcs) nickle and black,‚Ç±404.00
FINGER sleeve for gaming,‚Ç±7.00
20 Bays Hard Drive Protection Box 2.5 Inch Hard Drive Storage Box Suitcase,"‚Ç±2,134.00"
"Laptop 8GB RAM 128/256/512/1TB GB SSD Notebook Windows 10 Pro Intel J3455 Celeron Quad Core 15.6"" Display laptop WIFI BT HDMI","‚Ç±10,999.00"
Razer Kiyo Broadcasting Camera with Illumination,"‚Ç±3,150.00"
10.1'' Windows 10 Sales 2In1 Tablet PC RAM 2GB DDR3L+32GB HDMI-Compatible 10A 1280*800 IPS Gift Docking Keyboard,"‚Ç±9,582.00"
10.1inch Portable Netbook ACTIONS S500 1.5GHz ARM Cortex-A9/Android 5.1/1G+8G/1024*600 Pink EU Plug,"‚Ç±6,182.00"
"NEC VD-C Windows 10 Enterprise 64-bit Intel Core i7-2620M, Quad Core, 4GB Ram, 320gb HDD, 15.6inches WideScreen, 3USB port 3.0, 2USB port 2.0, HDMI, DVD-ROM, Airplane Mode, Built In Speaker,Built in Wifi, Good Battery, Good Condition","‚Ç±14,599.00"
17.3-inch Alien Alienware M17 R4 R3 R2 2020 Keyboard Film 2019 Laptop ALW17M Dust Pad Protective Cover Blu-ray Screen Film,"‚Ç±2,127.74"
"Laptop Stand Gaming Laptop Stand, Universal Laptop Stand Lightweight",‚Ç±49.00
LEERMOO Computers Notebook Dustproof Soft Silicone 12-14 inch Waterproof Laptop Cover Keyboard Film Keyboard Cover Protector Keyboard Skin,‚Ç±52.00
NIntendo Switch Story of Seasons Friends of Mineral Town [US],"‚Ç±1,795.00"
"NEC Versapro VD-C Original Parts, Japanese Laptop, Complete Applications and Ready To Use, Windows 10 Enterprise 64-bit, Intel(R) Core(TM) i7-2620M, 4GB Ram, 320gb, 15.6 inches, Good Battery Life, Good Condition, Full Keyboard","‚Ç±12,899.00"
Tempered Glass membrane For Chuwi Hi10 X 10.1 Steel film Tablet PC Screen Protection Toughened Hi 10 x Hi10x H i 10 x glass Case,‚Ç±981.00
Computer bag for Microsoft new surface go notebook Laptop2 liner book portable 5 tablet 12.3 protective case 3 simple 4 men and women 13.5 inch 10 new 15 leather case pro6/7,"‚Ç±2,127.74"
Mini Tablet PC 10.1Inch Nextbook Windows 10 Home Quad Core 1/2GB RAM 32GB ROM X5-8350 CPU 1280*800 IPS WIFI With Dual Cameras,"‚Ç±9,345.49"
KKmoon Portable Windows 10 10.1inch Netbook Support TF card with Intel Quad Core Processor/ 2GB+64GB/ Wi-Fi/ BT/ HD,"‚Ç±9,158.00"
battery 18650 lithium pack 3.7V rechargeable phonograph with protective board loudspeaker sound maintenance 7.4v lithium battery,‚Ç±674.00
11.6 Inch Nextbook Windows 10 Tablet PC 1/2GB RAM 64GB ROM Multi-Touch 1366*768 IPS 32-Bit 3735G CPU HDMI-Compatible Netbooks,"‚Ç±11,892.71"
Network Card Module Mini PCIe 3G 4G LTE Wireless Module HSPA 100MB WiFi Card For IBM T430 T430i T430s T430si X230 X230i X230,‚Ç±416.00
10pcs/lot Sliding Doors and Windows Rollers Pulley Metal Window Pulley Heavy Bearing Rollers Panning Cupboard Door Wheels,‚Ç±564.00
DWO Netbook 10.1inch Android 4.2 Wifi 1GB RAM Ôºã8GB ROM mini laptop Camera 0.3M,"‚Ç±4,985.00"
Genuine original Taiwan sixth generation YANKO Yangge day cream night cream whitening freckle cream morning and night cream cosmetics,"‚Ç±1,178.00"
"8 Port USB C Hub HDMI VGA Ethernet Lan RJ45 Adapter for Mac book Pro, Type C hub Card Reader 2 USB 3.0 + Type-C Charging port","‚Ç±2,304.00"
HyperX Quadcast S RGB USB Condenser Microphone White Grey,"‚Ç±9,995.00"
Google Chromebook Lenovo Laptop Ideapad Duet 10.1 Japanese Keyboard WUXGA MediaTek Helio P60T 4GB Memory Limited Specs 64GB eMMC Model,"‚Ç±15,651.00"
Laptop stand Aluminum alloy foldable portable laptop stand MacBook,‚Ç±288.00
"Hori PlayStation Fighting Stick Alpha for PS5, PS4, PC","‚Ç±9,495.00"
Netbook Computer 10.1 Inch 10 Hd Lightweight And Ultra-Thin 2GB+32GGB Lapbook Laptop Quad Core Netbook Android 7.1,"‚Ç±16,336.26"
Thinkpad notebook T480 shell film T470S film T470 black T470P edge S3 sticker T480S computer protective film T570 body film P70 P71 Lenovo T580 accessories,"‚Ç±2,001.65"
New Left+Right Speakers for ACER E5-573 T5000 F5-572 EX-2511G E5-532 Laptop Built-in Fixed Speakers,‚Ç±806.00
Intel Core i7 1920*1080 IPS Laptop 16G RAM 1TB SSD 15.6 Inch Gaming Notebook Computer Metal Fingerprint Unlock PC Netbook,"‚Ç±31,899.00"
KKMOON (Free Shipping) 10.1inch Netbook Lightweight Portable Laptop ACTIONS S500 1.5GHz ARM Cortex-A9/Android 5.1/1G+8G/1024*600 Black EU Plug,"‚Ç±5,500.00"
IPARTSEXPERT i7 Gaming Laptop 8GB RAM Laptops 15.6 Inch Intel Core laptop 512G SSD 1920x1080 Fingerprint Unlock Protable Computer,"‚Ç±14,319.00"
Forever RGB Luminous Mouse Pad Oversized Anime Gaming Electronic Sports Secondary Notebook Computer Desk Pad,"‚Ç±1,107.00"
Lenovo ThinkPad T420 i5 2nd Gen 4G DDR3 320G HDD 2.60Ghz 1333Mhz Windows 10 Pro [100% Original][Refurbished],‚Ç±250.00
P1 Portable Adjustable Aluminum Laptop Tablet Stand Accessories Desktop Holder Mounts Support For Notebook Macbook Pro Air IPad Pro,‚Ç±65.00
Laptop Dell laptop Brand New Intel Core i3i5i7 480G SSD 14.115.6 inch HD Gaming Online Class Laptop PC,"‚Ç±65,251.00"
Nintendo Switch Pokemon Legends Arceus [MDE],"‚Ç±2,495.00"
10.1inch Netbook Lightweight Portable Laptop ACTIONS S500 1.5GHz ARM Cortex-A9/Android 5.1/1G+8G/1024x600,"‚Ç±6,182.00"
Razer DeathStalker V2 Pro TKL Wireless Low Profile RGB Optical Keyboard,"‚Ç±10,995.00"
Laptop Toshiba Dynabook R63/P Intel Core i3 5005u 5th gen 4GB DDR3 128GB SSD (5th Generation),"‚Ç±9,899.00"
"MacBook Air A1466 2017 13-inch Laptop | Intel Core I5-5350u 1.80Ghz 5th Gen, 8GB DDR3, 256GB SSD, Intel HD Graphics 6000, 13.3"" LED Screen Display, Built-in Webcam | We also have Desktop, pc set, computer set, cheapest laptop, laptop lowest price | TGEARS","‚Ç±24,899.00"
HUAWEI MateBook D 15 Laptop | Intel¬Æ Core‚Ñ¢  i5-10210U processor | 8GB+512GB / 16GB+512GB | FullView display,"‚Ç±39,999.00"
HUAWEI MateBook D 15 Laptop | Intel¬Æ Core‚Ñ¢ i5-10210U processor | 8GB+256GB | 15.6-inch IPS anti-glare screen | HUAWEI Share,"‚Ç±37,999.00"
NEW 2021 Teclast 15.6inch F15pro Intel Core i3 gaming Laptop Brand New Original Notebook Play gta v computer Notebook DDR4 12GB SSD 256GB Windows 10 OS With Silent Cooling Fan1 year warranty,"‚Ç±21,999.00"
MSI Modern 14 B5M-084PH (Carbon Gray) Laptop - 14-inch FHD Display / AMD Ryzen 5 5500U / 8GB DDR4 / 512GB SSD / AMD Radeon Graphics / Windows 11,"‚Ç±37,995.00"
MSI GF63 Thin (GF63 10UC-821PH) Gaming Laptop | Intel i7-10750H (6 cores) | RTX 3050 | 512GB SSD | 8GB RAM | WIN 11 Home (PC CENTRAL),"‚Ç±53,998.00"
"MacBook Air A1466 2017 13-inch Laptop | Intel Core I5-5350u 1.80Ghz 5th Gen, 8GB DDR3, 256GB SSD, Intel HD Graphics 6000, 13.3"" LED Screen Display, Built-in Webcam | We also have Desktop, pc set, computer, cheapest laptop, laptop lowest price | PCSOURCE","‚Ç±24,899.00"
ACER A315-35-P5N9 Pentium Silver N6000 8GB 256GB SSD 15.6 Shared Win11 Silver Laptop,"‚Ç±25,289.00"
"Vview 10X 10.1"" 2-in-1 Windows Tablet / Laptop with Full HD IPS Panel, Intel Celeron N4100, 6GB(RAM)/128GB(ROM), Dual Band WiFi, Docking Keyboard, Active Stylus Pen, 3500mAh Battery and with 1 Year Local Warranty","‚Ç±9,998.97"
"„ÄêNew Arrival„ÄëDERE Official TBook T11 Laptop For Sale Brand New Intel¬Æ Core‚Ñ¢ i7-1165G7 | 15.6 inch 2.5K IPS Screen | Touch Bar Design | 180¬∞ Degree Hinge | RJ45+2.4G/5G WiFi Computer PC (16+512/16+1T, Silver)","‚Ç±42,999.00"
"MacBook Air A1466 2017 13-inch Laptop | Intel Core I5-5350u 1.80Ghz 5th Gen, 8GB DDR3, 256GB SSD, Intel HD Graphics 6000, 13.3"" LED Screen Display, Built-in Webcam | We also have Desktop, pc set, cheapest laptop, laptop lowest price | GILMORE MALL","‚Ç±24,899.00"
„ÄêNEW ITEM+Free gift„ÄëBrand New Teclast Tbolt 20 Pro Gaming Laptop |Core i5|backlit keyboard|15.6inch 8GB RAM 256GB SSD|Windows10|With Camera|1920√ó1080 FHD IPS,"‚Ç±25,499.00"
"HP 15-dw0083wm 15.6"" HD Pentium Silver N5000 4GB RAM 128GB SSD Intel UHD 605  WiFi BT4.2 Windows 10 OS Scarlet Red","‚Ç±18,995.00"
MSI Modern 15 A11M-810PH Laptop (Carbon Gray) - Intel Core i5 1155G7 / 8GB DDR4 / Intel Iris Xe Graphics / 512GB SSD / 15.6 in FHD Display,"‚Ç±41,995.00"
Acer Swift 3 SF314-43-R4CP | 14in FHD IPS | Ryzen 5 5500U | 8GB RAM | 512GB SSD | Radeon Graphics | Win10 (PC CENTRAL),"‚Ç±42,999.00"
"Acer Nitro 5 AN515-45-R2NV, NVIDIA GeForce RTX3060, AMD Ryzen 7-5800H, Notebook Laptop ITWorld","‚Ç±61,999.00"
"Lenovo IdeaPad 3 15.6"" FHD Touch Screen Laptop Intel Core i5-1135G7 11th Gen 12GB RAM 256GB SSD Intel¬Æ Iris Xe Graphics Windows 11 Home in S Mode - Arctic Grey","‚Ç±37,995.00"
DualSense Charging Station for Playstation 5 (CFI-ZDS1G),"‚Ç±1,690.00"
"ASUS TUF F15 Gaming Laptop (FX506HM-HN102T) 15.6"" Eclipse Gray Intel¬Æ Core‚Ñ¢ i5 11400H (6 cores) 8GB DDR4 RAM | 512GB SSD | Nvidia RTX 3060 6GB (PC CENTRAL)","‚Ç±56,998.00"
"„ÄåDELIVER IN 3 DAYS„ÄçDERE Official V14s Laptop For Sale Brand New 14.1 inch FHD Screen | Intel N5095 CPU | Windows 10 | 2.4G+5G WiFi Online Learning Computer PC (12+256, Silver/Pink)","‚Ç±18,999.00"
"[2022 New] KUU YEPBOOK 15.6"" 1920x1080 FHD Display Intel Celeron N5095 Quad Core 12GB LPDDR4 256GB SSD Windows 11 Student Laptop for Sale with Camera WiFi Bluetooth","‚Ç±17,298.97"
"Lenovo Legion 5i 15IMH6 82NL00AFPH Gaming Laptop | Intel Core i5-10500H | NVIDIA RTX 3050Ti | 15.6"" IPS 165Hz, | 512GB | WIN 11 (PC CENTRAL)","‚Ç±47,999.00"
„ÄåLocal Warranty„ÄçDERE Official V14s Laptop Brand New Original 14.1 inch FHD Screen Metal Body 11th Gen Up to 2.9GHz Intel N5095 CPU With Windows 11 Backlit Keyboard 2.4G+5G WiFi Computer PC Best Laptop 2022 Brand New (Dark Green/Pink/Silver),"‚Ç±23,999.00"
Lenovo IdeaPad 1 14‚Ä≥ FHD Celeron N4020 600 4GB RAM 128GB SSD Intel Integrated Graphics Windows 10 Platinum Grey 14IGL05,"‚Ç±15,995.00"
„Äê2022 CHUWI „ÄëNEW Herobook pro 14 inch 8GBRAM 256GB SSD Traditional Laptop FHD Screen IPS Notebook Murah Windows 11 Intel Celeron N4020 PC Computer for Student kids online learning Business,"‚Ç±14,549.03"
"Lenovo IdeaPad 3 15ITL05 15.6"" FHD i3-1115G4 3.0GHz 4GB RAM 128GB SSD Windows 11 Home in S Mode","‚Ç±21,990.00"
MSI Modern 14 (B5M-084PH) AMD Ryzen 5 5500U | 8GB RAM | 512gb SSD | Win 11 Home (PC CENTRAL),"‚Ç±36,998.00"
"Asus VIVOBOOK PRO 14 OLED (M3401QA-KM051TS), 14"" 2.8K OLED Display | AMD Ryzen 7 5800H | 16GB RAM | 512GB SSD (PC CENTRAL)","‚Ç±54,999.00"
"HP laptop 15-dw1001wm 15.6"" FHD LED Display Laptop - Intel Celeron N4020 | Intel UHD Graphics 600 | 4GB DDR4 RAM |128GB SSD Win10 - Black","‚Ç±16,995.00"
"Lenovo IdeaPad 3 15.6"" FHD Touch Screen Laptop Intel Core i5-1135G7 11th Gen 12GB RAM 256GB SSD Intel¬Æ Iris Xe Graphics Windows 11 Home in S Mode - Arctic Grey","‚Ç±37,995.00"
"KUU XBOOK 2 Laptop Brand New Original 14.1inch Laptop, Celeron J4105 Quad-Core 8GB RAM 128GB/256GB SSD Windows 11 Pro Laptop, Equipped with HDMI, Dual WiFi Slim and Light Notebook Computer","‚Ç±12,999.00"
Laptop Lowest Price Sale Assorted Brand HP /TOSHIBA /FUJITSU/NEC  intel i5 & i3 4gb Ram 250GB/500gb Hdd Intel Hd Graphics/ Wifi Ready  Charger Included / good for work from home and online class,"‚Ç±8,050.00"
„Äêgifts for girls„ÄëPink laptops are in stock Gaming Laptop Intel J4125/Core i7 8GB RAM 512GB SSD 2022 new Portable Office Ultrabook 15.6 inch Windows 10/11 Pro IPS Screen Notebook Computer Warranty provided Free Asus Laptop Bag,"‚Ç±27,999.00"
COD!!! Acer C720 Chromebook Good as Brand New Refurbished,"‚Ç±6,998.00"
MSI GF63 Thin 11SC-679PH | 15.6‚Ä≥ FHD IPS 60Hz | i7-11800H | 8 GB RAM | 512GB SSD | GTX 1650 4GB | Win11,"‚Ç±55,995.00"
Redragon Predator M612 Gaming Mouse,‚Ç±650.00
